region,sales,profit,order_id,discount,quantity,profit_margin_%,avg_profit_per_order
Central,501239.8908,39706.3625,2323,0.24035299182092124,8780,7.92,17.09
East,678781.24,91522.78,2848,0.14536516853932585,10618,13.48,32.14
South,391721.905,46749.4303,1620,0.1472530864197531,6209,11.93,28.86
West,725457.8245,108418.4489,3203,0.10933499843896347,12266,14.94,33.85
